Id;Label;Attribute1;City;Latitude;Longitude
376088951;name1;1;Berlin;52.51;13.4
17647430;name2;2;Berlin;52.51;13.4
32416061;name3;1;Berlin;52.51;13.4
550180187;name4;2;Berlin;52.51;13.4
28110685;name5;1;Berlin;52.51;13.4
14845783;name7;1;Berlin;52.51;13.4
63293;name8;2;Berlin;52.51;13.4
22606966;name9;1;Berlin;52.51;13.4
193763394;name10;2;Berlin;52.51;13.4
191004748;name11;1;Berlin;52.51;13.4
61502712;name13;1;Berlin;52.51;13.4
2230301;name16;2;Berlin;52.51;13.4
17870064;name17;1;Berlin;52.51;13.4
123516974;name18;2;Berlin;52.51;13.4
10161492;name19;1;Berlin;52.51;13.4
16856080;name20;2;Berlin;52.51;13.4
94154580;name21;1;Berlin;52.51;13.4
20059362;name22;2;Berlin;52.51;13.4
20646457;name23;1;Berlin;52.51;13.4
109562464;name24;2;Berlin;52.51;13.4
42428580;name25;1;Berlin;52.51;13.4
14223773;name26;2;Berlin;52.51;13.4
27051056;name27;1;Berlin;52.51;13.4
25481788;name28;2;Berlin;52.51;13.4
20611257;name29;1;Berlin;52.51;13.4
45535193;name30;2;Berlin;52.51;13.4
15203929;name31;1;Berlin;52.51;13.4
27008946;name32;2;Berlin;52.51;13.4
20692623;name33;1;Berlin;52.51;13.4
46063659;name34;2;Berlin;52.51;13.4
63283;name35;1;Berlin;52.51;13.4
53017241;name36;2;Berlin;52.51;13.4
570803272;name37;1;Berlin;52.51;13.4
119887780;name38;2;Berlin;52.51;13.4
11559482;name39;1;Berlin;52.51;13.4
332757341;name41;1;Berlin;52.51;13.4
279929259;name42;2;Berlin;52.51;13.4
16167356;name43;1;Berlin;52.51;13.4
119522971;name44;2;Berlin;52.51;13.4
48713350;name45;1;Berlin;52.51;13.4
41554259;name46;2;Berlin;52.51;13.4
20946040;name47;1;Berlin;52.51;13.4
18673689;name48;2;Berlin;52.51;13.4
17673017;name49;1;Berlin;52.51;13.4
112249114;name50;2;Berlin;52.51;13.4
36726994;name51;1;Berlin;52.51;13.4
236902913;name52;2;Berlin;52.51;13.4
320140078;name53;1;Berlin;52.51;13.4
14002442;name54;2;Berlin;52.51;13.4
27694668;name56;2;Berlin;52.51;13.4
43677126;name57;1;Hamburg;53.54;9.98
15037028;name58;2;Hamburg;53.54;9.98
117544658;name59;1;Hamburg;53.54;9.98
93742094;name60;2;Hamburg;53.54;9.98
20320607;name61;1;Hamburg;53.54;9.98
19978588;name62;2;Hamburg;53.54;9.98
15254157;name64;2;Hamburg;53.54;9.98
28303997;name66;2;Hamburg;53.54;9.98
29495262;name67;1;Hamburg;53.54;9.98
16440349;name68;2;Hamburg;53.54;9.98
269321619;name69;1;Hamburg;53.54;9.98
96118569;name70;2;Hamburg;53.54;9.98
14066952;name71;1;Hamburg;53.54;9.98
66299444;name72;2;Hamburg;53.54;9.98
273912398;name73;1;Hamburg;53.54;9.98
1441291;name74;2;Hamburg;53.54;9.98
28303391;name75;1;Hamburg;53.54;9.98
87000390;name76;2;Hamburg;53.54;9.98
221311019;name77;1;Hamburg;53.54;9.98
249121666;name78;2;Hamburg;53.54;9.98
257396357;name79;1;Hamburg;53.54;9.98
15248126;name80;2;Hamburg;53.54;9.98
249867294;name81;1;Hamburg;53.54;9.98
120389940;name82;2;Hamburg;53.54;9.98
119361818;name83;1;Hamburg;53.54;9.98
14076784;name85;1;Hamburg;53.54;9.98
46068197;name86;2;Hamburg;53.54;9.98
17894832;name87;1;Hamburg;53.54;9.98
136242086;name88;2;Hamburg;53.54;9.98
406857408;name89;1;Hamburg;53.54;9.98
95713774;name91;1;Hamburg;53.54;9.98
81117720;name92;2;Hamburg;53.54;9.98
23424743;name93;1;Hamburg;53.54;9.98
49077590;name94;2;Hamburg;53.54;9.98
19404548;name95;1;Bremen;53.07;8.8
490440078;name96;2;Bremen;53.07;8.8
221774429;name97;1;Bremen;53.07;8.8
6471582;name99;1;Bremen;53.07;8.8
14393888;name101;1;Bremen;53.07;8.8
100529876;name104;2;Bremen;53.07;8.8
18805582;name114;2;Bremen;53.07;8.8
26974807;name115;1;Bremen;53.07;8.8
7278212;name118;2;Bremen;53.07;8.8
63723;name119;1;Bremen;53.07;8.8
15881294;name122;2;Bremen;53.07;8.8
13250242;name123;1;Bremen;53.07;8.8
90841202;name128;2;Bremen;53.07;8.8
235090590;name132;2;Dresden;51.05;13.73
617713;name133;1;Dresden;51.05;13.73
664353;name143;1;Dresden;51.05;13.73
282087400;name144;2;Dresden;51.05;13.73
15720571;name145;1;Dresden;51.05;13.73
33452745;name148;2;Dresden;51.05;13.73
128251960;name150;2;Dresden;51.05;13.73
31109096;name152;2;Dresden;51.05;13.73
242009819;name155;1;Dresden;51.05;13.73
256179421;name157;1;Dresden;51.05;13.73
21641783;name158;2;Dresden;51.05;13.73
295645137;name159;1;Dresden;51.05;13.73
204505574;name163;1;Dresden;51.05;13.73
112973424;name164;2;Dresden;51.05;13.73
46393157;name174;2;Dresden;51.05;13.73
33512459;name176;2;Dresden;51.05;13.73
7065962;name177;1;Dresden;51.05;13.73
23404344;name184;2;Dresden;51.05;13.73
14351248;name186;2;Dresden;51.05;13.73
76470117;name187;1;Dresden;51.05;13.73
38676010;name190;2;Dresden;51.05;13.73
311880584;name196;2;Leipzig;51.34;12.38
59118576;name200;2;Leipzig;51.34;12.38
11583762;name208;2;Leipzig;51.34;12.38
203436627;name209;1;Leipzig;51.34;12.38
34881762;name210;2;Leipzig;51.34;12.38
327267975;name211;1;Leipzig;51.34;12.38
15278897;name212;2;Leipzig;51.34;12.38
17150632;name242;2;Leipzig;51.34;12.38
51999396;name244;2;Leipzig;51.34;12.38
330930920;name247;1;Leipzig;51.34;12.38
520694018;name252;2;Leipzig;51.34;12.38
43899055;name262;2;Leipzig;51.34;12.38
34621309;name263;1;Leipzig;51.34;12.38
133671478;name266;2;Leipzig;51.34;12.38
24722855;name268;2;Leipzig;51.34;12.38
8157942;name269;1;Leipzig;51.34;12.38
27954163;name270;2;Leipzig;51.34;12.38
10459922;name271;1;Prag;50.07;14.42
17128025;name272;2;Prag;50.07;14.42
241696095;name274;2;Prag;50.07;14.42
214692112;name276;2;Prag;50.07;14.42
757868;name293;1;Prag;50.07;14.42
8853202;name294;2;Prag;50.07;14.42
5495342;name295;1;Prag;50.07;14.42
20455375;name298;2;Prag;50.07;14.42
19150554;name299;1;Prag;50.07;14.42
22757663;name300;2;Prag;50.07;14.42
214256570;name302;2;Prag;50.07;14.42
247013838;name303;1;Prag;50.07;14.42
248368066;name304;2;Prag;50.07;14.42
249601180;name307;1;Prag;50.07;14.42
2216141;name309;1;Prag;50.07;14.42
331475231;name310;2;Prag;50.07;14.42
316364341;name312;2;Prag;50.07;14.42
191141576;name315;1;Prag;50.07;14.42
18915289;name316;2;Prag;50.07;14.42
18304428;name317;1;Prag;50.07;14.42
5223701;name318;2;Prag;50.07;14.42
20975289;name319;1;Prag;50.07;14.42
94867275;name320;2;Prag;50.07;14.42
14304241;name321;1;Prag;50.07;14.42
21025876;name322;2;Prag;50.07;14.42
98657700;name324;2;Prag;50.07;14.42
290708944;name325;1;Prag;50.07;14.42
120017080;name328;2;Prag;50.07;14.42
20099281;name329;1;Prag;50.07;14.42
95033733;name330;2;Prag;50.07;14.42
88445970;name331;1;Prag;50.07;14.42
59073534;name332;2;Prag;50.07;14.42
5804752;name333;1;Prag;50.07;14.42
93398485;name334;2;Prag;50.07;14.42
25657719;name335;1;Prag;50.07;14.42
8157952;name337;1;Prag;50.07;14.42
142388490;name338;2;Prag;50.07;14.42
175332273;name340;2;Prag;50.07;14.42
227992150;name342;2;Prag;50.07;14.42
27867782;name343;1;Prag;50.07;14.42
15138496;name344;2;Prag;50.07;14.42
17405847;name345;1;Prag;50.07;14.42
2049521;name346;2;Prag;50.07;14.42
241537171;name347;1;Prag;50.07;14.42
274558481;name349;1;Prag;50.07;14.42
72288115;name350;2;Prag;50.07;14.42
20990789;name351;1;Prag;50.07;14.42
6091282;name352;2;Prag;50.07;14.42
18302912;name353;1;Prag;50.07;14.42
17211001;name355;1;Brno;49.19;16.6
171431641;name356;2;Brno;49.19;16.6
25981822;name357;1;Brno;49.19;16.6
16629055;name358;2;Brno;49.19;16.6
130962517;name359;1;Brno;49.19;16.6
48848772;name360;2;Brno;49.19;16.6
19601010;name361;1;Brno;49.19;16.6
25300643;name363;1;Brno;49.19;16.6
33174720;name364;2;Brno;49.19;16.6
94347411;name365;1;Brno;49.19;16.6
39723677;name368;2;Brno;49.19;16.6
252982376;name369;1;Brno;49.19;16.6
20471650;name370;2;Brno;49.19;16.6
116523372;name371;1;Brno;49.19;16.6
14352473;name372;2;Brno;49.19;16.6
58738913;name373;1;Brno;49.19;16.6
10943;name374;2;Brno;49.19;16.6
1302051;name375;1;Brno;49.19;16.6
43918390;name377;1;Brno;49.19;16.6
142213781;name378;2;Brno;49.19;16.6
22003601;name380;2;Brno;49.19;16.6
197511967;name381;1;Brno;49.19;16.6
88899794;name382;2;Brno;49.19;16.6
19389413;name383;1;Brno;49.19;16.6
34650496;name384;2;Brno;49.19;16.6
17807156;name385;1;Brno;49.19;16.6
82399074;name389;1;Brno;49.19;16.6
52678717;name393;1;Warsaw;52.23;21.01
28516371;name394;2;Warsaw;52.23;21.01
11178752;name395;1;Warsaw;52.23;21.01
73126157;name402;2;Warsaw;52.23;21.01
14291506;name404;2;Warsaw;52.23;21.01
85159880;name405;1;Warsaw;52.23;21.01
16612616;name406;2;Warsaw;52.23;21.01
757109;name408;2;Warsaw;52.23;21.01
70944163;name415;1;Warsaw;52.23;21.01
523213956;name416;2;Warsaw;52.23;21.01
130093812;name417;1;Warsaw;52.23;21.01
87260342;name418;2;Warsaw;52.23;21.01
15332092;name419;1;Warsaw;52.23;21.01
72526200;name420;2;Warsaw;52.23;21.01
17211958;name421;1;Warsaw;52.23;21.01
254922743;name422;2;Warsaw;52.23;21.01
106364085;name423;1;Warsaw;52.23;21.01
389442022;name424;2;Warsaw;52.23;21.01
771378530;name425;1;Warsaw;52.23;21.01
434799316;name426;2;Warsaw;52.23;21.01
128951804;name427;1;Warsaw;52.23;21.01
37942571;name428;2;Warsaw;52.23;21.01
365656474;name432;2;Warsaw;52.23;21.01
114703964;name434;2;Warsaw;52.23;21.01
7916832;name435;1;Warsaw;52.23;21.01
193239673;name437;1;Warsaw;52.23;21.01
20733442;name438;2;Warsaw;52.23;21.01
17184710;name439;1;Poznan;52.41;16.92
102680887;name440;2;Poznan;52.41;16.92
154832440;name443;1;Poznan;52.41;16.92
54834307;name450;2;Poznan;52.41;16.92
14112931;name456;2;Poznan;52.41;16.92
15580436;name458;2;Poznan;52.41;16.92
16464699;name460;2;Poznan;52.41;16.92
15658988;name461;1;Poznan;52.41;16.92
14377632;name462;2;Poznan;52.41;16.92
301582113;name463;1;Poznan;52.41;16.92
18472498;name465;1;Poznan;52.41;16.92
275053137;name466;2;Poznan;52.41;16.92
11616922;name467;1;Poznan;52.41;16.92
55603;name473;1;Poznan;52.41;16.92
403985688;name481;1;Poznan;52.41;16.92
596346749;name483;1;Poznan;52.41;16.92
2801571;name496;2;Poznan;52.41;16.92
11221722;name497;1;Poznan;52.41;16.92
28846711;name500;2;Krakow;50.05;19.94
19817956;name501;1;Krakow;50.05;19.94
229618209;name502;2;Krakow;50.05;19.94
38633269;name503;1;Krakow;50.05;19.94
128190490;name505;1;Krakow;50.05;19.94
102321729;name508;2;Krakow;50.05;19.94
273890006;name509;1;Krakow;50.05;19.94
399260243;name513;1;Krakow;50.05;19.94
334888366;name515;1;Krakow;50.05;19.94
22753530;name517;1;Krakow;50.05;19.94
769820;name524;2;Krakow;50.05;19.94
634553;name531;1;Krakow;50.05;19.94
15437412;name533;1;Krakow;50.05;19.94
12001132;name534;2;Krakow;50.05;19.94
5343242;name569;1;Krakow;50.05;19.94
123369271;name575;1;Krakow;50.05;19.94
22011876;name590;1;Krakow;50.05;19.94
53039449;name595;2;Krakow;50.05;19.94
11414292;name596;1;Krakow;50.05;19.94
23339675;name597;2;Krakow;50.05;19.94
36833;name615;2;Krakow;50.05;19.94
21333784;name672;1;Krakow;50.05;19.94
146743559;name684;1;Wroclaw;51.11;17.03
277490138;name714;1;Wroclaw;51.11;17.03
20842787;name739;2;Wroclaw;51.11;17.03
389988313;name741;2;Wroclaw;51.11;17.03
101605014;name847;2;Wroclaw;51.11;17.03
314152424;name860;1;Wroclaw;51.11;17.03
62911261;name900;1;Wroclaw;51.11;17.03
5831552;name901;2;Wroclaw;51.11;17.03
17584395;name902;1;Wroclaw;51.11;17.03
19543545;name974;1;Wroclaw;51.11;17.03
14417443;name978;1;Wroclaw;51.11;17.03
15922621;name994;1;Wroclaw;51.11;17.03
49430094;name14;2;Munchen;48.14;11.57
207424543;name84;2;Munchen;48.14;11.57
249637750;name100;2;Munchen;48.14;11.57
97068968;name102;2;Munchen;48.14;11.57
401266928;name105;1;Munchen;48.14;11.57
327334911;name106;2;Munchen;48.14;11.57
394716520;name108;2;Munchen;48.14;11.57
307954136;name110;2;Munchen;48.14;11.57
438312885;name113;1;Munchen;48.14;11.57
632814256;name116;2;Munchen;48.14;11.57
248261459;name127;1;Munchen;48.14;11.57
440258035;name131;1;Munchen;48.14;11.57
80293066;name135;1;Munchen;48.14;11.57
357821823;name142;2;Munchen;48.14;11.57
622657841;name146;2;Munchen;48.14;11.57
221683644;name149;1;Munchen;48.14;11.57
17672932;name153;1;Munchen;48.14;11.57
95666436;name160;2;Munchen;48.14;11.57
272329503;name161;1;Munchen;48.14;11.57
125436078;name169;1;Munchen;48.14;11.57
404016558;name171;1;Munchen;48.14;11.57
37920535;name173;1;Munchen;48.14;11.57
36623123;name181;1;Munchen;48.14;11.57
70404511;name182;2;Munchen;48.14;11.57
78704267;name185;1;Munchen;48.14;11.57
521214214;name191;1;Munchen;48.14;11.57
431002086;name198;2;Munchen;48.14;11.57
195944951;name204;2;Munchen;48.14;11.57
153422889;name206;2;Munchen;48.14;11.57
256259889;name207;1;Munchen;48.14;11.57
587305823;name213;1;Munchen;48.14;11.57
135154291;name214;2;Munchen;48.14;11.57
720549679;name216;2;Koln;50.93;6.69
526486702;name222;2;Koln;50.93;6.69
1005819842;name225;1;Koln;50.93;6.69
921133596;name228;2;Koln;50.93;6.69
573391759;name229;1;Koln;50.93;6.69
240374347;name231;1;Koln;50.93;6.69
619870785;name232;2;Koln;50.93;6.69
1289633605;name236;2;Koln;50.93;6.69
1366982190;name237;1;Koln;50.93;6.69
1252423189;name240;2;Koln;50.93;6.69
1172328414;name243;1;Koln;50.93;6.69
843434418;name245;1;Koln;50.93;6.69
177085959;name246;2;Koln;50.93;6.69
988527175;name248;2;Koln;50.93;6.69
1057452542;name251;1;Koln;50.93;6.69
226887947;name275;1;Koln;50.93;6.69
316091227;name277;1;Koln;50.93;6.69
623073669;name296;2;Koln;50.93;6.69
54567499;name297;1;Frankfurt;50.11;8.67
28092089;name305;1;Frankfurt;50.11;8.67
90186360;name308;2;Frankfurt;50.11;8.67
18983525;name327;1;Frankfurt;50.11;8.67
7875752;name339;1;Frankfurt;50.11;8.67
14001032;name348;2;Frankfurt;50.11;8.67
244437560;name367;1;Frankfurt;50.11;8.67
520863794;name379;1;Frankfurt;50.11;8.67
357564342;name407;1;Frankfurt;50.11;8.67
282199322;name430;2;Frankfurt;50.11;8.67
13020852;name436;2;Frankfurt;50.11;8.67
583062186;name441;1;Frankfurt;50.11;8.67
199177495;name442;2;Frankfurt;50.11;8.67
120387031;name444;2;Frankfurt;50.11;8.67
76112152;name445;1;Frankfurt;50.11;8.67
41398473;name446;2;Frankfurt;50.11;8.67
75594993;name447;1;Frankfurt;50.11;8.67
110649140;name464;2;Frankfurt;50.11;8.67
1431451698;name469;1;Frankfurt;50.11;8.67
33279601;name487;1;Frankfurt;50.11;8.67
33170758;name489;1;Frankfurt;50.11;8.67
415008577;name504;2;Frankfurt;50.11;8.67
255414937;name510;2;Frankfurt;50.11;8.67
576358245;name511;1;Frankfurt;50.11;8.67
52101350;name518;2;Stuttgart;48.78;9.17
262659182;name520;2;Stuttgart;48.78;9.17
495796774;name525;1;Stuttgart;48.78;9.17
438204999;name526;2;Stuttgart;48.78;9.17
177209936;name527;1;Stuttgart;48.78;9.17
625373236;name530;2;Stuttgart;48.78;9.17
306089691;name536;2;Stuttgart;48.78;9.17
334665987;name537;1;Stuttgart;48.78;9.17
122302141;name545;1;Stuttgart;48.78;9.17
324967174;name553;1;Stuttgart;48.78;9.17
615174718;name554;2;Stuttgart;48.78;9.17
165895040;name555;1;Stuttgart;48.78;9.17
987062509;name556;2;Stuttgart;48.78;9.17
436563471;name557;1;Stuttgart;48.78;9.17
55513132;name558;2;Stuttgart;48.78;9.17
34827605;name559;1;Stuttgart;48.78;9.17
70969864;name560;2;Stuttgart;48.78;9.17
123296896;name561;1;Stuttgart;48.78;9.17
32193826;name562;2;Stuttgart;48.78;9.17
380185974;name563;1;Stuttgart;48.78;9.17
447357042;name566;2;Stuttgart;48.78;9.17
78073758;name572;2;Stuttgart;48.78;9.17
1317332702;name573;1;Stuttgart;48.78;9.17
453811670;name574;2;Stuttgart;48.78;9.17
625408731;name577;2;Dusseldorf;51.22;6.76
541855832;name580;1;Dusseldorf;51.22;6.76
85016631;name581;2;Dusseldorf;51.22;6.76
430893090;name582;1;Dusseldorf;51.22;6.76
312215420;name583;2;Dusseldorf;51.22;6.76
122083594;name584;1;Dusseldorf;51.22;6.76
343470225;name586;1;Dusseldorf;51.22;6.76
841409623;name588;1;Dusseldorf;51.22;6.76
986774582;name589;2;Dusseldorf;51.22;6.76
470230180;name603;2;Dusseldorf;51.22;6.76
183240100;name605;2;Dusseldorf;51.22;6.76
507553196;name606;1;Dusseldorf;51.22;6.76
125305621;name607;2;Dusseldorf;51.22;6.76
485929178;name608;1;Dusseldorf;51.22;6.76
380950441;name610;1;Dortmund;51.52;7.47
365116011;name611;2;Dortmund;51.52;7.47
629177411;name612;1;Dortmund;51.52;7.47
424345392;name613;2;Dortmund;51.52;7.47
399924580;name619;2;Dortmund;51.52;7.47
143471740;name627;2;Dortmund;51.52;7.47
551640605;name631;2;Dortmund;51.52;7.47
14796217;name665;2;Dortmund;51.52;7.47
864742332;name669;2;Dortmund;51.52;7.47
557676174;name671;2;Dortmund;51.52;7.47
367250035;name680;1;Dortmund;51.52;7.47
607516472;name681;2;Dortmund;51.52;7.47
377713766;name685;2;Essen;51.44;7
242706132;name686;1;Essen;51.44;7
626669752;name687;2;Essen;51.44;7
33462000;name688;1;Essen;51.44;7
84531913;name689;2;Essen;51.44;7
102657242;name690;1;Essen;51.44;7
157721013;name691;2;Essen;51.44;7
621925679;name692;1;Essen;51.44;7
526733544;name693;2;Essen;51.44;7
19595031;name694;1;Essen;51.44;7
718461115;name697;2;Essen;51.44;7
846979566;name698;1;Essen;51.44;7
338653891;name699;2;Essen;51.44;7
72295748;name701;2;Essen;51.44;7
423295311;name702;1;Essen;51.44;7
492990474;name706;1;Essen;51.44;7
1063622270;name707;2;Essen;51.44;7
49147745;name708;1;Munchen;48.14;11.57
80510401;name709;2;Munchen;48.14;11.57
1010521207;name710;1;Munchen;48.14;11.57
127869423;name711;2;Munchen;48.14;11.57
572524105;name712;1;Munchen;48.14;11.57
293929579;name715;2;Munchen;48.14;11.57
96326392;name716;1;Munchen;48.14;11.57
352302630;name719;2;Munchen;48.14;11.57
466363784;name720;1;Munchen;48.14;11.57
117110995;name729;2;Munchen;48.14;11.57
256117248;name742;1;Munchen;48.14;11.57
135129528;name744;1;Munchen;48.14;11.57
171645906;name819;2;Munchen;48.14;11.57
207037466;name832;1;Munchen;48.14;11.57
15720739;name857;2;Munchen;48.14;11.57
120489857;name858;1;Munchen;48.14;11.57
44579949;name859;2;Munchen;48.14;11.57
251215698;name862;1;Munchen;48.14;11.57
1251229453;name863;2;Munchen;48.14;11.57
1315181214;name865;2;Munchen;48.14;11.57
139661979;name880;1;Munchen;48.14;11.57
243612021;name881;2;Munchen;48.14;11.57
239923031;name882;1;Munchen;48.14;11.57
30694367;name883;2;Munchen;48.14;11.57
243868579;name890;1;Munchen;48.14;11.57
280573916;name894;1;Munchen;48.14;11.57
23969454;name895;2;Koln;50.93;6.69
252720609;name896;1;Koln;50.93;6.69
256948566;name897;2;Koln;50.93;6.69
12675592;name913;2;Koln;50.93;6.69
156902748;name919;2;Koln;50.93;6.69
38164822;name972;1;Koln;50.93;6.69
191816892;name995;2;Koln;50.93;6.69
14431277;name997;2;Koln;50.93;6.69
973595725;name1000;1;Koln;50.93;6.69
111044500;name109;1;Roma;41.89;12.49
8692982;name117;1;Roma;41.89;12.49
394050729;name126;2;Roma;41.89;12.49
129595560;name129;1;Roma;41.89;12.49
118049068;name130;2;Roma;41.89;12.49
28859181;name179;1;Roma;41.89;12.49
33267283;name194;2;Roma;41.89;12.49
891347862;name230;2;Roma;41.89;12.49
36342715;name238;2;Roma;41.89;12.49
872368556;name282;2;Roma;41.89;12.49
33178393;name354;2;Roma;41.89;12.49
8048672;name388;2;Roma;41.89;12.49
124586661;name396;2;Roma;41.89;12.49
441222295;name409;1;Roma;41.89;12.49
456144946;name410;2;Roma;41.89;12.49
387687568;name411;1;Roma;41.89;12.49
25804790;name412;2;Roma;41.89;12.49
498803993;name413;1;Roma;41.89;12.49
391730193;name414;2;Roma;41.89;12.49
514627516;name454;2;Roma;41.89;12.49
86095840;name457;1;Roma;41.89;12.49
39638557;name459;1;Roma;41.89;12.49
10702222;name565;1;Roma;41.89;12.49
104450826;name568;2;Roma;41.89;12.49
51715015;name578;1;Roma;41.89;12.49
552808940;name579;2;Roma;41.89;12.49
16126428;name604;1;Roma;41.89;12.49
633997142;name622;1;Roma;41.89;12.49
326784479;name624;1;Milano;45.47;9.17
474395117;name625;2;Milano;45.47;9.17
23515678;name632;1;Milano;45.47;9.17
165375475;name633;2;Milano;45.47;9.17
29677326;name635;2;Zagreb;45.8;15.97
297948326;name636;1;Zagreb;45.8;15.97
149511393;name662;1;Zagreb;45.8;15.97
216459364;name663;2;Zagreb;45.8;15.97
64670954;name664;1;Zagreb;45.8;15.97
269271515;name666;1;Zagreb;45.8;15.97
417943950;name667;2;Zagreb;45.8;15.97
253078541;name668;1;Zagreb;45.8;15.97
243994324;name670;1;Milano;45.47;9.17
361480062;name673;2;Milano;45.47;9.17
177975122;name674;1;Milano;45.47;9.17
352270570;name675;2;Milano;45.47;9.17
347387485;name676;1;Milano;45.47;9.17
444423069;name677;2;Milano;45.47;9.17
43138560;name678;1;Milano;45.47;9.17
104864471;name679;2;Milano;45.47;9.17
268159586;name682;1;Torino;45.06;7.67
314027583;name705;2;Torino;45.06;7.67
418562094;name722;1;Torino;45.06;7.67
728901463;name848;1;Budapest;47.49;19.03
284064926;name849;2;Budapest;47.49;19.03
495001386;name850;1;Budapest;47.49;19.03
447512023;name851;2;Budapest;47.49;19.03
103646620;name852;1;Budapest;47.49;19.03
144946298;name853;2;Torino;45.06;7.67
58957724;name861;2;Torino;45.06;7.67
121503950;name877;2;Torino;45.06;7.67
137374689;name878;1;Torino;45.06;7.67
607992766;name879;2;Torino;45.06;7.67
202122863;name885;2;Torino;45.06;7.67
288362036;name886;1;Torino;45.06;7.67
594583488;name892;1;Torino;45.06;7.67
274916522;name903;2;Torino;45.06;7.67
749228929;name904;1;Torino;45.06;7.67
532610893;name905;2;Genova;44.41;8.93
226096523;name906;1;Genova;44.41;8.93
248592122;name907;2;Genova;44.41;8.93
95656633;name908;1;Genova;44.41;8.93
166976632;name920;1;Genova;44.41;8.93
25252511;name969;2;Genova;44.41;8.93
249561931;name971;2;Budapest;47.49;19.03
465936641;name976;1;Budapest;47.49;19.03
456818858;name989;2;Budapest;47.49;19.03
63935533;name999;2;Budapest;47.49;19.03
213408766;name15;1;Zurich;47.38;8.52
27608532;name40;2;Zurich;47.38;8.52
367937407;name55;1;Zurich;47.38;8.52
18504179;name90;2;Zurich;47.38;8.52
67546984;name98;2;Zurich;47.38;8.52
71827668;name103;1;Zurich;47.38;8.52
183216295;name107;1;Zurich;47.38;8.52
126733456;name111;1;Zurich;47.38;8.52
297600093;name112;2;Zurich;47.38;8.52
21846249;name120;2;Zurich;47.38;8.52
139013475;name121;1;Zurich;47.38;8.52
236111927;name124;2;Zurich;47.38;8.52
4308031;name134;2;Zurich;47.38;8.52
158114837;name140;2;Zurich;47.38;8.52
6886372;name141;1;Zurich;47.38;8.52
36023079;name147;1;Zurich;47.38;8.52
156573972;name166;2;Zurich;47.38;8.52
476990448;name167;1;Zurich;47.38;8.52
253464930;name175;1;Zurich;47.38;8.52
20989378;name180;2;Basel;47.55;7.59
79809148;name183;1;Basel;47.55;7.59
106117016;name188;2;Basel;47.55;7.59
495241139;name195;1;Basel;47.55;7.59
106112290;name197;1;Basel;47.55;7.59
47317557;name201;1;Basel;47.55;7.59
404682909;name202;2;Basel;47.55;7.59
395287005;name203;1;Basel;47.55;7.59
326327581;name205;1;Basel;47.55;7.59
35034509;name218;2;Basel;47.55;7.59
314089397;name233;1;Basel;47.55;7.59
95027825;name234;2;Basel;47.55;7.59
163901745;name241;1;Basel;47.55;7.59
329065629;name250;2;Basel;47.55;7.59
57601933;name264;2;Basel;47.55;7.59
277980462;name265;1;Basel;47.55;7.59
65947781;name267;1;Geneve;46.2;6.14
22279374;name311;1;Geneve;46.2;6.14
17961468;name314;2;Geneve;46.2;6.14
54348165;name323;1;Geneve;46.2;6.14
20437475;name386;2;Geneve;46.2;6.14
451559753;name387;1;Geneve;46.2;6.14
243207960;name390;2;Geneve;46.2;6.14
20442734;name391;1;Geneve;46.2;6.14
334484656;name392;2;Geneve;46.2;6.14
109536626;name397;1;Geneve;46.2;6.14
52060835;name398;2;Geneve;46.2;6.14
176785560;name399;1;Geneve;46.2;6.14
364924774;name400;2;Geneve;46.2;6.14
137715590;name401;1;Geneve;46.2;6.14
459395285;name403;1;Geneve;46.2;6.14
794347268;name455;1;Bern;46.94;7.42
148243439;name484;2;Bern;46.94;7.42
121476812;name498;2;Bern;46.94;7.42
99101734;name499;1;Bern;46.94;7.42
92612172;name512;2;Bern;46.94;7.42
517201178;name514;2;Bern;46.94;7.42
129167753;name516;2;Bern;46.94;7.42
190282545;name528;2;Wien;48.2;16.38
99055479;name529;1;Wien;48.2;16.38
981314605;name538;2;Wien;48.2;16.38
314556020;name539;1;Wien;48.2;16.38
271068328;name540;2;Wien;48.2;16.38
1241949528;name541;1;Wien;48.2;16.38
21896227;name542;2;Wien;48.2;16.38
241726730;name543;1;Wien;48.2;16.38
326985848;name544;2;Wien;48.2;16.38
829085641;name546;2;Wien;48.2;16.38
555456378;name547;1;Wien;48.2;16.38
249062781;name548;2;Wien;48.2;16.38
10158862;name549;1;Wien;48.2;16.38
105600820;name550;2;Graz;47.06;15.43
305805901;name551;1;Graz;47.06;15.43
15516583;name570;2;Graz;47.06;15.43
403460647;name585;2;Graz;47.06;15.43
1137364472;name587;2;Graz;47.06;15.43
122674868;name598;1;Graz;47.06;15.43
34876896;name599;2;Graz;47.06;15.43
400988105;name600;1;Graz;47.06;15.43
68376166;name601;2;Graz;47.06;15.43
368912006;name602;1;Graz;47.06;15.43
705776353;name609;2;Graz;47.06;15.43
18658805;name614;1;Graz;47.06;15.43
149578341;name616;1;Linz;48.29;14.3
422410006;name618;1;Linz;48.29;14.3
156923305;name620;1;Linz;48.29;14.3
318920716;name621;2;Linz;48.29;14.3
475315159;name623;2;Linz;48.29;14.3
260375174;name626;1;Linz;48.29;14.3
330184710;name628;1;Linz;48.29;14.3
74151786;name629;2;Linz;48.29;14.3
129850911;name630;1;Salzburg;47.8;13.04
149446263;name713;2;Salzburg;47.8;13.04
526980222;name725;2;Salzburg;47.8;13.04
409515375;name726;1;Salzburg;47.8;13.04
53762904;name730;1;Salzburg;47.8;13.04
318653903;name743;2;Salzburg;47.8;13.04
100220618;name823;2;Salzburg;47.8;13.04
28750068;name864;1;Salzburg;47.8;13.04
339608275;name887;2;Salzburg;47.8;13.04
801983899;name889;2;Salzburg;47.8;13.04
149495104;name891;2;Salzburg;47.8;13.04
59888868;name893;2;Salzburg;47.8;13.04
283206858;name977;2;Salzburg;47.8;13.04
199663247;name12;2;Luxembourg;49.61;6.13
349126521;name63;1;Luxembourg;49.61;6.13
8992222;name136;2;Luxembourg;49.61;6.13
557773236;name137;1;Luxembourg;49.61;6.13
174194582;name151;1;Luxembourg;49.61;6.13
72862385;name154;2;Luxembourg;49.61;6.13
529155080;name156;2;Luxembourg;49.61;6.13
118740808;name162;2;Luxembourg;49.61;6.13
231889165;name168;2;Luxembourg;49.61;6.13
103777902;name172;2;Luxembourg;49.61;6.13
239404368;name178;2;Luxembourg;49.61;6.13
213709722;name189;1;Luxembourg;49.61;6.13
227291378;name193;1;Luxembourg;49.61;6.13
391366931;name199;1;Antwerp;51.22;4.41
137299537;name224;2;Antwerp;51.22;4.41
395789742;name239;1;Antwerp;51.22;4.41
338654596;name261;1;Bruxelles;50.84;4.35
304958060;name301;1;Antwerp;51.22;4.41
106714817;name306;2;Bruxelles;50.84;4.35
293524806;name313;1;Bruxelles;50.84;4.35
240623005;name326;2;Antwerp;51.22;4.41
245881375;name341;1;Antwerp;51.22;4.41
14667708;name362;2;Antwerp;51.22;4.41
15830132;name366;2;Ghent;51.04;3.7
242739134;name376;2;Ghent;51.04;3.7
113393772;name429;1;Bruxelles;50.84;4.35
125356092;name433;1;Bruxelles;50.84;4.35
60297498;name448;2;Ghent;51.04;3.7
15620178;name451;1;Ghent;51.04;3.7
56081519;name452;2;Ghent;51.04;3.7
50152850;name472;2;Ghent;51.04;3.7
36033715;name482;2;Ghent;51.04;3.7
24857113;name488;2;Bruxelles;50.84;4.35
289263835;name490;2;Bruxelles;50.84;4.35
42428064;name491;1;Bruxelles;50.84;4.35
37642262;name492;2;Bruxelles;50.84;4.35
147558045;name507;1;Bruxelles;50.84;4.35
24009585;name519;1;Amsterdam;52.37;4.89
141534382;name522;2;Amsterdam;52.37;4.89
5825522;name532;2;Amsterdam;52.37;4.89
7128662;name567;1;Amsterdam;52.37;4.89
12684482;name571;1;Amsterdam;52.37;4.89
309561874;name576;2;Amsterdam;52.37;4.89
120183650;name591;2;Amsterdam;52.37;4.89
80904916;name592;1;Rotterdam;51.92;4.47
237706778;name593;2;Rotterdam;51.92;4.47
60940131;name594;1;Rotterdam;51.92;4.47
568897643;name683;2;Rotterdam;51.92;4.47
299023445;name695;2;Rotterdam;51.92;4.47
245347824;name700;1;Den Haag;52.07;4.29
264807607;name704;1;Den Haag;52.07;4.29
166313719;name740;1;Den Haag;52.07;4.29
35877513;name831;2;Den Haag;52.07;4.29
9891922;name836;1;Den Haag;52.07;4.29
106430864;name875;2;Utrecht;52.09;5.12
62955108;name876;1;Utrecht;52.09;5.12
78136452;name888;1;Utrecht;52.09;5.12
159084491;name921;2;Utrecht;52.09;5.12
62271361;name983;2;Utrecht;52.09;5.12
870137221;name6;2;Paris;48.85;2.34
1451621;name65;1;Paris;48.85;2.34
264609534;name139;1;Paris;48.85;2.34
520427798;name192;2;Paris;48.85;2.34
187631125;name221;1;Paris;48.85;2.34
382498059;name223;1;Paris;48.85;2.34
312520229;name226;2;Paris;48.85;2.34
369052765;name227;1;Paris;48.85;2.34
286356580;name235;1;Paris;48.85;2.34
503161790;name249;1;Paris;48.85;2.34
122953100;name255;1;Paris;48.85;2.34
331686288;name259;1;Paris;48.85;2.34
555068142;name260;2;Paris;48.85;2.34
21283529;name278;2;Paris;48.85;2.34
494889695;name279;1;Paris;48.85;2.34
369656581;name280;2;Paris;48.85;2.34
133494538;name281;1;Paris;48.85;2.34
54516516;name283;1;Paris;48.85;2.34
76681219;name284;2;Paris;48.85;2.34
409426929;name285;1;Paris;48.85;2.34
328422006;name286;2;Paris;48.85;2.34
210943152;name287;1;Paris;48.85;2.34
333134389;name288;2;Paris;48.85;2.34
122174133;name289;1;Paris;48.85;2.34
872581957;name290;2;Marseille;43.3;5.38
573585707;name291;1;Marseille;43.3;5.38
385624859;name292;2;Marseille;43.3;5.38
77075281;name431;1;Marseille;43.3;5.38
39588381;name468;2;Marseille;43.3;5.38
798821984;name470;2;Marseille;43.3;5.38
18899802;name471;1;Marseille;43.3;5.38
232678300;name474;2;Marseille;43.3;5.38
267671446;name475;1;Marseille;43.3;5.38
33918457;name476;2;Marseille;43.3;5.38
181722427;name477;1;Marseille;43.3;5.38
263821600;name478;2;Marseille;43.3;5.38
303457058;name479;1;Lyon;45.75;4.83
339054544;name485;1;Lyon;45.75;4.83
38133222;name493;1;Lyon;45.75;4.83
95260000;name494;2;Lyon;45.75;4.83
428191654;name495;1;Lyon;45.75;4.83
189148357;name506;2;Lyon;45.75;4.83
34224871;name521;1;Lyon;45.75;4.83
19177149;name617;2;Lyon;45.75;4.83
118685847;name634;1;Lyon;45.75;4.83
126411242;name638;1;Lyon;45.75;4.83
135560778;name649;2;Lyon;45.75;4.83
272954576;name650;1;Lyon;45.75;4.83
203162331;name651;2;Toulouse;43.6;1.44
453433432;name657;2;Toulouse;43.6;1.44
44231475;name658;1;Toulouse;43.6;1.44
299171844;name660;1;Toulouse;43.6;1.44
377288968;name696;1;Toulouse;43.6;1.44
127862129;name703;2;Toulouse;43.6;1.44
273357541;name718;1;Toulouse;43.6;1.44
69558425;name721;2;Toulouse;43.6;1.44
418319088;name723;2;Toulouse;43.6;1.44
139966022;name724;1;Toulouse;43.6;1.44
18980541;name727;2;Toulouse;43.6;1.44
438264830;name728;1;Toulouse;43.6;1.44
236343589;name731;2;Toulouse;43.6;1.44
238960798;name732;1;Nice;43.71;7.25
212740557;name733;2;Nice;43.71;7.25
199195561;name734;1;Nice;43.71;7.25
222530466;name735;2;Nice;43.71;7.25
430775597;name736;1;Nice;43.71;7.25
321535725;name737;2;Nice;43.71;7.25
150607393;name738;1;Nice;43.71;7.25
41183978;name745;2;Nice;43.71;7.25
461509114;name746;1;Nice;43.71;7.25
118465920;name747;2;Nice;43.71;7.25
47130706;name748;1;Nantes;47.21;-1.55
142258927;name749;2;Nantes;47.21;-1.55
210424730;name751;2;Nantes;47.21;-1.55
522049981;name752;1;Nantes;47.21;-1.55
479914545;name753;2;Nantes;47.21;-1.55
351137989;name754;1;Nantes;47.21;-1.55
392583081;name755;2;Nantes;47.21;-1.55
381464684;name756;1;Nantes;47.21;-1.55
209609094;name757;2;Nantes;47.21;-1.55
119857164;name758;1;Nantes;47.21;-1.55
106219354;name759;2;Nantes;47.21;-1.55
269005216;name762;1;Nantes;47.21;-1.55
205642207;name763;2;Nantes;47.21;-1.55
273570288;name764;1;Nantes;47.21;-1.55
632868084;name767;2;Nantes;47.21;-1.55
386053855;name768;1;Nantes;47.21;-1.55
256624287;name769;2;Nantes;47.21;-1.55
426255065;name785;2;Strasbourg;48.58;7.73
236496523;name792;1;Strasbourg;48.58;7.73
265488095;name808;1;Strasbourg;48.58;7.73
202520308;name816;1;Strasbourg;48.58;7.73
282236970;name833;2;Strasbourg;48.58;7.73
369054086;name834;1;Strasbourg;48.58;7.73
345843211;name837;2;Strasbourg;48.58;7.73
472580548;name838;1;Strasbourg;48.58;7.73
440999469;name840;1;Strasbourg;48.58;7.73
338866417;name841;2;Strasbourg;48.58;7.73
488262433;name843;2;Strasbourg;48.58;7.73
304499332;name844;1;Strasbourg;48.58;7.73
230900998;name845;2;Strasbourg;48.58;7.73
288908285;name846;1;Strasbourg;48.58;7.73
35712871;name854;1;Strasbourg;48.58;7.73
205315882;name855;2;Strasbourg;48.58;7.73
204904846;name856;1;Strasbourg;48.58;7.73
942525974;name868;1;Strasbourg;48.58;7.73
214989878;name869;2;Strasbourg;48.58;7.73
478912852;name870;1;Strasbourg;48.58;7.73
87925244;name909;2;Strasbourg;48.58;7.73
31097531;name911;2;Strasbourg;48.58;7.73
198032627;name912;1;Montpellier;43.6;3.88
414985796;name914;1;Montpellier;43.6;3.88
110405763;name916;1;Montpellier;43.6;3.88
288084765;name917;2;Montpellier;43.6;3.88
205636397;name918;1;Montpellier;43.6;3.88
345040089;name922;1;Montpellier;43.6;3.88
217365315;name923;2;Montpellier;43.6;3.88
289940976;name924;1;Montpellier;43.6;3.88
510676270;name925;2;Montpellier;43.6;3.88
131933074;name928;1;Montpellier;43.6;3.88
449830661;name933;2;Montpellier;43.6;3.88
292941144;name934;1;Montpellier;43.6;3.88
228927481;name935;2;Montpellier;43.6;3.88
131621706;name936;1;Montpellier;43.6;3.88
258945601;name938;1;Montpellier;43.6;3.88
31098103;name939;2;Montpellier;43.6;3.88
196827845;name940;1;Montpellier;43.6;3.88
283664524;name959;2;Bordeaux;44.84;-0.57
375038936;name960;1;Bordeaux;44.84;-0.57
321988044;name961;2;Bordeaux;44.84;-0.57
205693443;name962;1;Bordeaux;44.84;-0.57
404157651;name964;1;Bordeaux;44.84;-0.57
557074602;name965;2;Lille;50.63;3.05
353914820;name979;2;Lille;50.63;3.05
469511162;name980;1;Lille;50.63;3.05
123666485;name981;2;Lille;50.63;3.05
143654480;name125;1;London;51.5;-0.11
327092668;name138;2;London;51.5;-0.11
103543725;name165;1;London;51.5;-0.11
37718215;name170;2;London;51.5;-0.11
168118507;name215;1;London;51.5;-0.11
536337601;name217;1;London;51.5;-0.11
548275303;name219;1;London;51.5;-0.11
737078424;name220;2;London;51.5;-0.11
422244871;name253;1;London;51.5;-0.11
296731350;name254;2;London;51.5;-0.11
946163000;name256;2;London;51.5;-0.11
473902462;name257;1;London;51.5;-0.11
767704506;name258;2;London;51.5;-0.11
776425646;name273;1;London;51.5;-0.11
29189589;name336;2;London;51.5;-0.11
771391687;name449;1;London;51.5;-0.11
392683039;name453;1;London;51.5;-0.11
474526346;name480;2;London;51.5;-0.11
757631671;name486;2;London;51.5;-0.11
532436683;name523;1;London;51.5;-0.11
737131106;name535;1;London;51.5;-0.11
196959258;name552;2;London;51.5;-0.11
335846851;name564;2;Manchester;53.47;-2.24
348191625;name637;2;Manchester;53.47;-2.24
38682508;name639;2;Manchester;53.47;-2.24
99936218;name640;1;Manchester;53.47;-2.24
363829987;name641;2;Manchester;53.47;-2.24
374995061;name642;1;Manchester;53.47;-2.24
285814878;name643;2;Manchester;53.47;-2.24
304631615;name644;1;Manchester;53.47;-2.24
260739999;name645;2;Manchester;53.47;-2.24
232849792;name646;1;Manchester;53.47;-2.24
474303130;name647;2;Manchester;53.47;-2.24
79733559;name648;1;Manchester;53.47;-2.24
47593495;name652;1;Manchester;53.47;-2.24
536560048;name653;2;Manchester;53.47;-2.24
560612928;name654;1;Manchester;53.47;-2.24
410925957;name655;2;Manchester;53.47;-2.24
265568106;name656;1;Manchester;53.47;-2.24
110977362;name659;2;Manchester;53.47;-2.24
215712205;name661;2;Manchester;53.47;-2.24
204928509;name750;1;Manchester;53.47;-2.24
194071924;name760;1;Manchester;53.47;-2.24
236488504;name761;2;Manchester;53.47;-2.24
390143790;name765;2;Manchester;53.47;-2.24
292282006;name766;1;Manchester;53.47;-2.24
262279619;name770;1;Manchester;53.47;-2.24
45121614;name771;2;Manchester;53.47;-2.24
373036661;name772;1;Manchester;53.47;-2.24
495013409;name773;2;Birmingham;52.48;-1.89
437910490;name774;1;Birmingham;52.48;-1.89
338418931;name775;2;Birmingham;52.48;-1.89
455314708;name776;1;Birmingham;52.48;-1.89
540119911;name777;2;Birmingham;52.48;-1.89
123702219;name778;1;Birmingham;52.48;-1.89
453232976;name779;2;Birmingham;52.48;-1.89
96408471;name780;1;Birmingham;52.48;-1.89
526243656;name781;2;Birmingham;52.48;-1.89
477810128;name782;1;Birmingham;52.48;-1.89
276135086;name783;2;Birmingham;52.48;-1.89
525542349;name784;1;Birmingham;52.48;-1.89
497082242;name786;1;Birmingham;52.48;-1.89
245557790;name787;2;Birmingham;52.48;-1.89
384750314;name788;1;Birmingham;52.48;-1.89
446302817;name789;2;Birmingham;52.48;-1.89
238669832;name790;1;Birmingham;52.48;-1.89
160379223;name791;2;Birmingham;52.48;-1.89
139779097;name793;2;Birmingham;52.48;-1.89
722556739;name794;1;Birmingham;52.48;-1.89
262125749;name795;2;Birmingham;52.48;-1.89
313438705;name796;1;Birmingham;52.48;-1.89
357515925;name797;2;Birmingham;52.48;-1.89
57406651;name798;1;Birmingham;52.48;-1.89
261397993;name799;2;Leeds;53.79;-1.54
204458645;name800;1;Leeds;53.79;-1.54
311638924;name801;2;Leeds;53.79;-1.54
397328935;name802;1;Leeds;53.79;-1.54
111682680;name803;2;Leeds;53.79;-1.54
392317743;name804;1;Leeds;53.79;-1.54
133681501;name805;2;Leeds;53.79;-1.54
114504409;name806;1;Leeds;53.79;-1.54
471330233;name807;2;Leeds;53.79;-1.54
450779380;name809;2;Leeds;53.79;-1.54
617567122;name810;1;Leeds;53.79;-1.54
513455220;name811;2;Leeds;53.79;-1.54
594137390;name812;1;Leeds;53.79;-1.54
538870034;name813;2;Leeds;53.79;-1.54
433235491;name814;1;Leeds;53.79;-1.54
321478827;name815;2;Leeds;53.79;-1.54
633177792;name817;2;Leeds;53.79;-1.54
213037318;name818;1;Leeds;53.79;-1.54
461555088;name820;1;Leeds;53.79;-1.54
762278754;name821;2;Leeds;53.79;-1.54
602337609;name822;1;Leeds;53.79;-1.54
550109960;name824;1;Leeds;53.79;-1.54
821981472;name825;2;Leeds;53.79;-1.54
762269388;name826;1;Leeds;53.79;-1.54
776620434;name827;2;Leeds;53.79;-1.54
429116162;name828;1;Leeds;53.79;-1.54
220755091;name829;2;Leeds;53.79;-1.54
397385612;name830;1;Leeds;53.79;-1.54
371930835;name835;2;Leeds;53.79;-1.54
320100539;name839;2;Liverpool;53.4;-2.98
524229992;name842;1;Liverpool;53.4;-2.98
485069814;name866;1;Liverpool;53.4;-2.98
187177289;name867;2;Liverpool;53.4;-2.98
314498269;name871;2;Liverpool;53.4;-2.98
488724379;name872;1;Liverpool;53.4;-2.98
96337684;name873;2;Liverpool;53.4;-2.98
311660524;name874;1;Liverpool;53.4;-2.98
553593149;name898;1;Liverpool;53.4;-2.98
533113235;name899;2;Liverpool;53.4;-2.98
475054335;name910;1;Liverpool;53.4;-2.98
461547194;name915;2;Liverpool;53.4;-2.98
274987952;name926;1;Liverpool;53.4;-2.98
273878317;name927;2;Liverpool;53.4;-2.98
457984157;name929;2;Liverpool;53.4;-2.98
506403740;name930;1;Liverpool;53.4;-2.98
309816576;name931;2;Liverpool;53.4;-2.98
50789810;name932;1;Liverpool;53.4;-2.98
125762100;name937;2;Liverpool;53.4;-2.98
758071195;name941;2;Liverpool;53.4;-2.98
442226642;name942;1;Liverpool;53.4;-2.98
499837671;name943;2;Liverpool;53.4;-2.98
84695280;name944;1;Liverpool;53.4;-2.98
206326427;name945;2;Liverpool;53.4;-2.98
406457898;name946;1;Liverpool;53.4;-2.98
518960137;name947;2;Liverpool;53.4;-2.98
215011986;name948;1;Liverpool;53.4;-2.98
467774876;name949;2;Liverpool;53.4;-2.98
604898305;name950;1;Liverpool;53.4;-2.98
189151036;name951;2;Liverpool;53.4;-2.98
192511778;name952;1;Liverpool;53.4;-2.98
446469303;name953;2;Liverpool;53.4;-2.98
461140490;name954;1;Liverpool;53.4;-2.98
330559188;name955;2;London;51.5;-0.11
579622308;name956;1;London;51.5;-0.11
225913580;name957;2;London;51.5;-0.11
68515433;name958;1;London;51.5;-0.11
131615091;name963;2;London;51.5;-0.11
466864628;name966;1;London;51.5;-0.11
395577491;name967;2;London;51.5;-0.11
239892345;name968;1;London;51.5;-0.11
376872100;name970;1;London;51.5;-0.11
737014699;name973;2;London;51.5;-0.11
300492527;name975;2;London;51.5;-0.11
626382266;name982;1;London;51.5;-0.11
304086453;name984;1;London;51.5;-0.11
532748163;name985;2;London;51.5;-0.11
620821397;name986;1;London;51.5;-0.11
784298340;name987;2;London;51.5;-0.11
546077455;name988;1;London;51.5;-0.11
351087948;name990;1;London;51.5;-0.11
103904984;name991;2;London;51.5;-0.11
241588762;name992;1;London;51.5;-0.11
314082652;name993;2;London;51.5;-0.11
377482626;name996;1;London;51.5;-0.11
590293744;name998;1;London;51.5;-0.11
410702250;name717;2;Stuttgart;48.78;9.17
271354844;name884;1;Stuttgart;48.78;9.17